{
  "experiment": "student_scratch",
  "config": {
    "img_size": 32,
    "patch_size": 4,
    "in_chans": 3,
    "embed_dim": 192,
    "depth": 6,
    "num_heads": 3,
    "mlp_ratio": 4.0,
    "num_classes": 10,
    "drop_rate": 0.2,
    "attn_drop_rate": 0.1,
    "batch_size": 256,
    "lr": 0.0005,
    "weight_decay": 0.05,
    "epochs": 400,
    "min_epochs": 300,
    "patience": 10,
    "seed": 666,
    "results_dir": "results"
  },
  "epochs_run": 315,
  "stopped_early": true,
  "train_losses": [
    2.154687373475595,
    2.054283006624742,
    1.9632752950895915,
    1.8680137368765743,
    1.7978675419634038,
    1.7510358115488833,
    1.7138371040875262,
    1.6755230277776718,
    1.6548968580636112,
    1.6331817060709,
    1.6173663457686251,
    1.5893148319287733,
    1.5677063390612602,
    1.5493966849012808,
    1.5226759910583496,
    1.5026688968593425,
    1.4812948182225227,
    1.466934166171334,
    1.45005372708494,
    1.4297008399258961,
    1.4236746694553981,
    1.4088287936015562,
    1.398212541910735,
    1.3863785219463436,
    1.3674617592584004,
    1.3602519604292782,
    1.3486135933886876,
    1.3377883915196767,
    1.3227880915457553,
    1.314992148767818,
    1.299531106244434,
    1.2909440730105748,
    1.2831756330349229,
    1.2755346338857303,
    1.272235176780007,
    1.2603315636515617,
    1.250947398895567,
    1.2453154413537546,
    1.2361673407933929,
    1.2293116226792336,
    1.227461609650742,
    1.2228097414428538,
    1.2125011831521988,
    1.2030151466077024,
    1.197473255070773,
    1.1931532939726657,
    1.1863387755372308,
    1.1754772805354812,
    1.1767293905669993,
    1.1689448485320264,
    1.157977669076486,
    1.159372633153742,
    1.1571164666251703,
    1.1496771066026255,
    1.1387095166878267,
    1.146351027556441,
    1.1326856606385924,
    1.124355118383061,
    1.123080731115558,
    1.1160646517845718,
    1.1146302334964275,
    1.1169616251506589,
    1.1061342907222835,
    1.1078421073881062,
    1.0998386991294948,
    1.096341958777471,
    1.0892185355451973,
    1.0865731351077557,
    1.0787894312631001,
    1.0842416757209734,
    1.0697969750247218,
    1.0762295103208586,
    1.068077172406695,
    1.0632834702052854,
    1.061750440434976,
    1.0640465180304917,
    1.056150941347534,
    1.0488806397400119,
    1.0496432093734092,
    1.0453218834644014,
    1.0363563112914562,
    1.0386817418038845,
    1.0343700921670957,
    1.0316869873892178,
    1.0351543243635783,
    1.0297828154130415,
    1.0216354355216026,
    1.017777032134208,
    1.0179433013227852,
    1.016396697271954,
    1.007286971942945,
    1.0130788440054113,
    1.00437327880751,
    1.0028978152708574,
    0.9987906976179644,
    0.9951331615447998,
    0.9948072152381594,
    0.9879997765476053,
    0.9899981682273474,
    0.9884864179925485,
    0.9815569889139045,
    0.9826551574197683,
    0.9761910831386392,
    0.9740990904921835,
    0.9778509404171597,
    0.97000982680104,
    0.9709729728373614,
    0.9631963707506657,
    0.9633480229161002,
    0.9561550955880772,
    0.9600517915731127,
    0.9549594663760879,
    0.9546421244740486,
    0.9481831264089454,
    0.9459703009236943,
    0.9485115815292705,
    0.9409755759618499,
    0.9436095793816176,
    0.942325736311349,
    0.9356568039140918,
    0.9397553191943602,
    0.9324486438523639,
    0.9297613826665011,
    0.9250480949201367,
    0.9233644611456178,
    0.9244238676672633,
    0.9196643297645178,
    0.9188765158707445,
    0.913905704901977,
    0.9146073829721321,
    0.9096150892702016,
    0.912885039367459,
    0.9087716601788998,
    0.9070948372510347,
    0.9034577012062073,
    0.9076846269044009,
    0.899917046116157,
    0.8970113769173622,
    0.897645059295676,
    0.8981073580004952,
    0.8863563097336076,
    0.8890960880301215,
    0.885957040569999,
    0.8870854428545996,
    0.886768673631278,
    0.8874089430001649,
    0.8857327411797914,
    0.8822225677696142,
    0.8752464167773724,
    0.8779565465043891,
    0.8795646791431037,
    0.8704511912708933,
    0.8727758868851445,
    0.8665084686468948,
    0.8670497428287159,
    0.868266126987609,
    0.8642798377708956,
    0.8623846989463676,
    0.8600367785177447,
    0.8573548133400354,
    0.8568649420684035,
    0.8594847335056826,
    0.8566082187674262,
    0.8546413471075621,
    0.8551128323782574,
    0.8518094989386472,
    0.8482413586567749,
    0.8523462032052603,
    0.8481268781152639,
    0.8420785309916193,
    0.8462620452046394,
    0.8394659215753729,
    0.8429446813057769,
    0.8356321755458008,
    0.8356215605004267,
    0.8350418802689422,
    0.8327554504979741,
    0.8329607515849851,
    0.8308310322463512,
    0.828482271256772,
    0.8244291300123389,
    0.8280243155631152,
    0.8281927132471041,
    0.8221912892027334,
    0.8234144323928789,
    0.8197177303108302,
    0.8201441768218171,
    0.8150661794299429,
    0.8140868812122128,
    0.8165346106345003,
    0.8203603293408047,
    0.8078619062223218,
    0.812026830559427,
    0.8135968162254854,
    0.8074293349954215,
    0.8098270358009771,
    0.8035063801163976,
    0.8051453154872764,
    0.7954579568044706,
    0.804281489754265,
    0.8035811212929812,
    0.8050349649380554,
    0.7972462360154499,
    0.7948957552964037,
    0.7979921061884273,
    0.7984903891655531,
    0.7883001481267539,
    0.7949246449226682,
    0.7947987036948855,
    0.7925712114030664,
    0.791048233143308,
    0.7872527096081864,
    0.7844605449248444,
    0.7869383442130956,
    0.7841423577205702,
    0.7854612788016145,
    0.779823402789506,
    0.7800285548649051,
    0.7785576805472374,
    0.776757768609307,
    0.7799201187762347,
    0.7797578447921709,
    0.7736761282113466,
    0.773325955325907,
    0.7730481739748608,
    0.771303609690883,
    0.7715995013713837,
    0.7682899409397081,
    0.7709057581695643,
    0.7661813385784626,
    0.7700623951174996,
    0.7667497999288819,
    0.7564818036149848,
    0.7618453678759661,
    0.763805513354865,
    0.759436848488721,
    0.7622363763776693,
    0.7587395456026901,
    0.7593829953535036,
    0.7565794705667279,
    0.7562315626577898,
    0.7589134736494585,
    0.7520853741602465,
    0.7527971162714742,
    0.7531203610653227,
    0.7525739558041096,
    0.7482254210520874,
    0.7460377510975708,
    0.7481981082396074,
    0.7495907511223446,
    0.7450646778399294,
    0.7426625490188599,
    0.7481161572716453,
    0.7413730265741999,
    0.7418565038930286,
    0.7418252632699229,
    0.7420329800383612,
    0.7399047054350376,
    0.7373847856440328,
    0.7364260412075303,
    0.7319719689813527,
    0.7346565645526756,
    0.7375788238238205,
    0.7352218021723357,
    0.7405399605631828,
    0.7340448271821846,
    0.7351733466440981,
    0.7321386198428544,
    0.729912263087251,
    0.7345222647894513,
    0.7335316366092726,
    0.7271344902163203,
    0.7239933633668856,
    0.7261484126475725,
    0.7225381281565536,
    0.7247685966166583,
    0.7249962250617418,
    0.722282915291461,
    0.724088058214296,
    0.7223125086589293,
    0.718970375643535,
    0.7193529599092223,
    0.7211542644283988,
    0.7203706181184812,
    0.7197480621663007,
    0.7129504826258529,
    0.7170659239319238,
    0.7119365219365467,
    0.714926441623406,
    0.715786160054532,
    0.7118660533292727,
    0.714706355536526,
    0.714016967876391,
    0.7116513794118707,
    0.7064161297272552,
    0.7087100297212601,
    0.7078141438012774,
    0.7075217074968598,
    0.7084427638487383,
    0.7089568881148641,
    0.7102566283534874,
    0.7054698308083144,
    0.704647614874623,
    0.7048495503311808,
    0.7008330452848565,
    0.6984875473109159,
    0.702074205672199,
    0.6997817487201907,
    0.6993619528683749,
    0.7031500938941132,
    0.7049471766433932,
    0.7034983252259818,
    0.6992589143866842,
    0.6950483772565018,
